id,identity,kind,location,managedBy,name,plan,properties,resourceGroup,sku/capacity,sku/family,sku/model,sku/name,sku/size,sku/tier,tags/costcentre,tags/environment,tags/live,type,sku,tags,tags/hidden-link:/subscriptions/8d74bfbe-15e1-43d1-8272-423e37441789/resourceGroups/Hoylake/providers/Microsoft.Compute/virtualMachines/HoylakeADF,tags/hidden-link:/subscriptions/8d74bfbe-15e1-43d1-8272-423e37441789/resourceGroups/Hoylake/providers/Microsoft.Logic/workflows/EODStoreListSITApp,tags/hidden-link:/subscriptions/8d74bfbe-15e1-43d1-8272-423e37441789/resourcegroups/Hoylake/providers/microsoft.insights/components/Dev-JSPartnerAPI,tags/hidden-link:/subscriptions/8d74bfbe-15e1-43d1-8272-423e37441789/resourcegroups/Hoylake/providers/microsoft.insights/components/Dev-JSPartnerAPIForVersioning,tags/hidden-link:/subscriptions/8d74bfbe-15e1-43d1-8272-423e37441789/resourceGroups/Hoylake/providers/Microsoft.Logic/workflows/FlatternXmlTotables-SITD2,tags/hidden-link:/subscriptions/8d74bfbe-15e1-43d1-8272-423e37441789/resourceGroups/Hoylake/providers/Microsoft.Logic/workflows/FlatternXmlToTables-DevD2-App,plan/name,plan/product,plan/promotionCode,plan/publisher
/subscriptions/8d74bfbe-15e1-43d1-8272-423e37441789/resourceGroups/Hoylake/providers/Microsoft.ApiManagement/service/DevJSPartnerAPMG,,,westeurope,,DevJSPartnerAPMG,,,Hoylake,1,,,Developer,,,Shared_ PD5469_ PD6228,DEV/TEST,Yes,Microsoft.ApiManagement/service,,,,,,,,,,,,
/subscriptions/8d74bfbe-15e1-43d1-8272-423e37441789/resourceGroups/Hoylake/providers/Microsoft.ApiManagement/service/TestJSPartnerAPMG,,,westeurope,,TestJSPartnerAPMG,,,Hoylake,1,,,Developer,,,Shared_ PD5469_ PD6228,DEV/TEST,Yes,Microsoft.ApiManagement/service,,,,,,,,,,,,
/subscriptions/8d74bfbe-15e1-43d1-8272-423e37441789/resourceGroups/Hoylake/providers/Microsoft.Compute/availabilitySets/HoylakeAS,,,westeurope,,HoylakeAS,,,Hoylake,,,,,,,,,,Microsoft.Compute/availabilitySets,,,,,,,,,,,,
/subscriptions/8d74bfbe-15e1-43d1-8272-423e37441789/resourceGroups/Hoylake/providers/Microsoft.Compute/availabilitySets/HoylakeDevAvailabilitySet,,,westeurope,,HoylakeDevAvailabilitySet,,,Hoylake,,,,,,,,,,Microsoft.Compute/availabilitySets,,,,,,,,,,,,
/subscriptions/8d74bfbe-15e1-43d1-8272-423e37441789/resourceGroups/HOYLAKE/providers/Microsoft.Compute/disks/AzureVMAS2_OsDisk_1_eb87d6a3f3d446db902f35fdd64e0423,,,westeurope,/subscriptions/8d74bfbe-15e1-43d1-8272-423e37441789/resourceGroups/Hoylake/providers/Microsoft.Compute/virtualMachines/AzureVMAS2,AzureVMAS2_OsDisk_1_eb87d6a3f3d446db902f35fdd64e0423,,,HOYLAKE,,,,Premium_LRS,,Premium,,,,Microsoft.Compute/disks,,,,,,,,,,,,
/subscriptions/8d74bfbe-15e1-43d1-8272-423e37441789/resourceGroups/HOYLAKE/providers/Microsoft.Compute/disks/ChangeHgAvlVM_OsDisk_1_72faecd72cc84dc5a7bc83f43b2c72a4,,,westeurope,/subscriptions/8d74bfbe-15e1-43d1-8272-423e37441789/resourceGroups/Hoylake/providers/Microsoft.Compute/virtualMachines/ChangeHgAvlVM,ChangeHgAvlVM_OsDisk_1_72faecd72cc84dc5a7bc83f43b2c72a4,,,HOYLAKE,,,,Premium_LRS,,Premium,,,,Microsoft.Compute/disks,,,,,,,,,,,,
/subscriptions/8d74bfbe-15e1-43d1-8272-423e37441789/resourceGroups/HOYLAKE/providers/Microsoft.Compute/disks/Demo1_OsDisk_1_ca6d37fe69c0456aaaf68b6031a0f5df,,,westeurope,/subscriptions/8d74bfbe-15e1-43d1-8272-423e37441789/resourceGroups/Hoylake/providers/Microsoft.Compute/virtualMachines/Demo1,Demo1_OsDisk_1_ca6d37fe69c0456aaaf68b6031a0f5df,,,HOYLAKE,,,,Premium_LRS,,Premium,,,,Microsoft.Compute/disks,,,,,,,,,,,,
/subscriptions/8d74bfbe-15e1-43d1-8272-423e37441789/resourceGroups/HOYLAKE/providers/Microsoft.Compute/disks/Demo2_OsDisk_1_c1ad7dcf022344c8bc5d7e790e8ddbf6,,,westeurope,/subscriptions/8d74bfbe-15e1-43d1-8272-423e37441789/resourceGroups/Hoylake/providers/Microsoft.Compute/virtualMachines/Demo2,Demo2_OsDisk_1_c1ad7dcf022344c8bc5d7e790e8ddbf6,,,HOYLAKE,,,,Premium_LRS,,Premium,,,,Microsoft.Compute/disks,,,,,,,,,,,,
/subscriptions/8d74bfbe-15e1-43d1-8272-423e37441789/resourceGroups/HOYLAKE/providers/Microsoft.Compute/disks/DemoAS1_OsDisk_1_29a4b5710a6442118dc5d2272650e5a3,,,westeurope,/subscriptions/8d74bfbe-15e1-43d1-8272-423e37441789/resourceGroups/Hoylake/providers/Microsoft.Compute/virtualMachines/DemoAS1,DemoAS1_OsDisk_1_29a4b5710a6442118dc5d2272650e5a3,,,HOYLAKE,,,,Premium_LRS,,Premium,,,,Microsoft.Compute/disks,,,,,,,,,,,,
/subscriptions/8d74bfbe-15e1-43d1-8272-423e37441789/resourceGroups/HOYLAKE/providers/Microsoft.Compute/disks/DemoAS2_OsDisk_1_5a09af64876d436e89974244e86ab526,,,westeurope,/subscriptions/8d74bfbe-15e1-43d1-8272-423e37441789/resourceGroups/Hoylake/providers/Microsoft.Compute/virtualMachines/DemoAS2,DemoAS2_OsDisk_1_5a09af64876d436e89974244e86ab526,,,HOYLAKE,,,,Premium_LRS,,Premium,,,,Microsoft.Compute/disks,,,,,,,,,,,,
/subscriptions/8d74bfbe-15e1-43d1-8272-423e37441789/resourceGroups/HOYLAKE/providers/Microsoft.Compute/disks/DemoVM1_OsDisk_1_bfea819bae044b279a00d3f57dc6cf9e,,,westeurope,/subscriptions/8d74bfbe-15e1-43d1-8272-423e37441789/resourceGroups/Hoylake/providers/Microsoft.Compute/virtualMachines/DemoVM1,DemoVM1_OsDisk_1_bfea819bae044b279a00d3f57dc6cf9e,,,HOYLAKE,,,,Premium_LRS,,Premium,,,,Microsoft.Compute/disks,,,,,,,,,,,,
/subscriptions/8d74bfbe-15e1-43d1-8272-423e37441789/resourceGroups/HOYLAKE/providers/Microsoft.Compute/disks/DemoVM2_OsDisk_1_021ea8804e964b6f9a90d1ee2349b096,,,westeurope,/subscriptions/8d74bfbe-15e1-43d1-8272-423e37441789/resourceGroups/Hoylake/providers/Microsoft.Compute/virtualMachines/DemoVM2,DemoVM2_OsDisk_1_021ea8804e964b6f9a90d1ee2349b096,,,HOYLAKE,,,,Premium_LRS,,Premium,,,,Microsoft.Compute/disks,,,,,,,,,,,,
/subscriptions/8d74bfbe-15e1-43d1-8272-423e37441789/resourceGroups/HOYLAKE/providers/Microsoft.Compute/disks/HgCheckVM1_OsDisk_1_e42e30bdf8f94fbcabf5532c2a36ea2d,,,westeurope,/subscriptions/8d74bfbe-15e1-43d1-8272-423e37441789/resourceGroups/Hoylake/providers/Microsoft.Compute/virtualMachines/HgCheckVM1,HgCheckVM1_OsDisk_1_e42e30bdf8f94fbcabf5532c2a36ea2d,,,HOYLAKE,,,,Premium_LRS,,Premium,,,,Microsoft.Compute/disks,,,,,,,,,,,,
/subscriptions/8d74bfbe-15e1-43d1-8272-423e37441789/resourceGroups/HOYLAKE/providers/Microsoft.Compute/disks/HgCheckVM_OsDisk_1_4b953a27ad5b46bc95e998aad1aa4a9d,,,westeurope,,HgCheckVM_OsDisk_1_4b953a27ad5b46bc95e998aad1aa4a9d,,,HOYLAKE,,,,Premium_LRS,,Premium,,,,Microsoft.Compute/disks,,,,,,,,,,,,
/subscriptions/8d74bfbe-15e1-43d1-8272-423e37441789/resourceGroups/HOYLAKE/providers/Microsoft.Compute/disks/hoylakevm_OsDisk_1_e06acf94fd97484e9b4829818ee334e7,,,westeurope,,hoylakevm_OsDisk_1_e06acf94fd97484e9b4829818ee334e7,,,HOYLAKE,,,,Premium_LRS,,Premium,Shared_ PD5469_ PD6228,DEV/TEST,Yes,Microsoft.Compute/disks,,,,,,,,,,,,
/subscriptions/8d74bfbe-15e1-43d1-8272-423e37441789/resourceGroups/HOYLAKE/providers/Microsoft.Compute/disks/HoyLakeVmDev_OsDisk_1_9a653ef5bc0c4d289754c2f47bd63e96,,,westeurope,,HoyLakeVmDev_OsDisk_1_9a653ef5bc0c4d289754c2f47bd63e96,,,HOYLAKE,,,,Premium_LRS,,Premium,Shared_ PD5469_ PD6228,DEV/TEST,Yes,Microsoft.Compute/disks,,,,,,,,,,,,
/subscriptions/8d74bfbe-15e1-43d1-8272-423e37441789/resourceGroups/HOYLAKE/providers/Microsoft.Compute/disks/jshoylakedevVM3_OsDisk_1_752f337d90a44885a952ed03dc38ac37,,,westeurope,/subscriptions/8d74bfbe-15e1-43d1-8272-423e37441789/resourceGroups/Hoylake/providers/Microsoft.Compute/virtualMachines/jshoylakedevVM3,jshoylakedevVM3_OsDisk_1_752f337d90a44885a952ed03dc38ac37,,,HOYLAKE,,,,Premium_LRS,,Premium,Shared_ PD5469_ PD6228,DEV/TEST,Yes,Microsoft.Compute/disks,,,,,,,,,,,,
/subscriptions/8d74bfbe-15e1-43d1-8272-423e37441789/resourceGroups/HOYLAKE/providers/Microsoft.Compute/disks/jshoylaketest1_OsDisk_1_5edbc125209341aaa457855eb979040e,,,westeurope,/subscriptions/8d74bfbe-15e1-43d1-8272-423e37441789/resourceGroups/Hoylake/providers/Microsoft.Compute/virtualMachines/jshoylaketest1,jshoylaketest1_OsDisk_1_5edbc125209341aaa457855eb979040e,,,HOYLAKE,,,,Premium_LRS,,Premium,Shared_ PD5469_ PD6228,DEV/TEST,Yes,Microsoft.Compute/disks,,,,,,,,,,,,
/subscriptions/8d74bfbe-15e1-43d1-8272-423e37441789/resourceGroups/HOYLAKE/providers/Microsoft.Compute/disks/JSWholeSaleHgVM_OsDisk_1_a75034c27b5e49ed92e1e74444da26e9,,,westeurope,/subscriptions/8d74bfbe-15e1-43d1-8272-423e37441789/resourceGroups/Hoylake/providers/Microsoft.Compute/virtualMachines/JSWholeSaleHgVM,JSWholeSaleHgVM_OsDisk_1_a75034c27b5e49ed92e1e74444da26e9,,,HOYLAKE,,,,Premium_LRS,,Premium,,,,Microsoft.Compute/disks,,,,,,,,,,,,
/subscriptions/8d74bfbe-15e1-43d1-8272-423e37441789/resourceGroups/HOYLAKE/providers/Microsoft.Compute/disks/TestVM_OsDisk_1_d9b71050b46f480e93ef8833ce90b610,,,westeurope,,TestVM_OsDisk_1_d9b71050b46f480e93ef8833ce90b610,,,HOYLAKE,,,,Premium_LRS,,Premium,Shared_ PD5469_ PD6228,DEV/TEST,Yes,Microsoft.Compute/disks,,,,,,,,,,,,
/subscriptions/8d74bfbe-15e1-43d1-8272-423e37441789/resourceGroups/HOYLAKE/providers/Microsoft.Compute/disks/VMforAS1_OsDisk_1_dad81e0b66b149e8aff91f1f520beac1,,,westeurope,/subscriptions/8d74bfbe-15e1-43d1-8272-423e37441789/resourceGroups/Hoylake/providers/Microsoft.Compute/virtualMachines/VMforAS1,VMforAS1_OsDisk_1_dad81e0b66b149e8aff91f1f520beac1,,,HOYLAKE,,,,Premium_LRS,,Premium,,,,Microsoft.Compute/disks,,,,,,,,,,,,
/subscriptions/8d74bfbe-15e1-43d1-8272-423e37441789/resourceGroups/HOYLAKE/providers/Microsoft.Compute/disks/WholesalehgVM2_OsDisk_1_4880d1aa52a542f79e5d4a221fa476c0,,,westeurope,/subscriptions/8d74bfbe-15e1-43d1-8272-423e37441789/resourceGroups/Hoylake/providers/Microsoft.Compute/virtualMachines/WholesalehgVM2,WholesalehgVM2_OsDisk_1_4880d1aa52a542f79e5d4a221fa476c0,,,HOYLAKE,,,,Premium_LRS,,Premium,,,,Microsoft.Compute/disks,,,,,,,,,,,,
/subscriptions/8d74bfbe-15e1-43d1-8272-423e37441789/resourceGroups/hoylake/providers/Microsoft.Compute/restorePointCollections/AzureBackup_jshoylakedevvm3,,,westeurope,,AzureBackup_jshoylakedevvm3,,,hoylake,,,,,,,,,,Microsoft.Compute/restorePointCollections,,,,,,,,,,,,
/subscriptions/8d74bfbe-15e1-43d1-8272-423e37441789/resourceGroups/hoylake/providers/Microsoft.Compute/restorePointCollections/AzureBackup_jshoylaketest1,,,westeurope,,AzureBackup_jshoylaketest1,,,hoylake,,,,,,,Shared_ PD5469_ PD6228,DEV/TEST,Yes,Microsoft.Compute/restorePointCollections,,,,,,,,,,,,
/subscriptions/8d74bfbe-15e1-43d1-8272-423e37441789/resourceGroups/Hoylake/providers/Microsoft.Compute/restorePointCollections/AzureBackup_JSWholeSaleHgVM,,,westeurope,,AzureBackup_JSWholeSaleHgVM,,,Hoylake,,,,,,,,,,Microsoft.Compute/restorePointCollections,,,,,,,,,,,,
/subscriptions/8d74bfbe-15e1-43d1-8272-423e37441789/resourceGroups/Hoylake/providers/Microsoft.Compute/restorePointCollections/AzureBackup_WholesalehgVM2,,,westeurope,,AzureBackup_WholesalehgVM2,,,Hoylake,,,,,,,,,,Microsoft.Compute/restorePointCollections,,,,,,,,,,,,
/subscriptions/8d74bfbe-15e1-43d1-8272-423e37441789/resourceGroups/Hoylake/providers/Microsoft.Compute/virtualMachines/ChangeHgAvlVM,,,westeurope,,ChangeHgAvlVM,,,Hoylake,,,,,,,,,,Microsoft.Compute/virtualMachines,,,,,,,,,,,,
/subscriptions/8d74bfbe-15e1-43d1-8272-423e37441789/resourceGroups/HOYLAKE/providers/Microsoft.Compute/virtualMachines/ChangeHgAvlVM/extensions/MicrosoftMonitoringAgent,,,westeurope,,ChangeHgAvlVM/MicrosoftMonitoringAgent,,,HOYLAKE,,,,,,,,,,Microsoft.Compute/virtualMachines/extensions,,,,,,,,,,,,
/subscriptions/8d74bfbe-15e1-43d1-8272-423e37441789/resourceGroups/Hoylake/providers/Microsoft.Compute/virtualMachines/HgCheckVM1,,,westeurope,,HgCheckVM1,,,Hoylake,,,,,,,,,,Microsoft.Compute/virtualMachines,,,,,,,,,,,,
/subscriptions/8d74bfbe-15e1-43d1-8272-423e37441789/resourceGroups/HOYLAKE/providers/Microsoft.Compute/virtualMachines/HgCheckVM1/extensions/MicrosoftMonitoringAgent,,,westeurope,,HgCheckVM1/MicrosoftMonitoringAgent,,,HOYLAKE,,,,,,,,,,Microsoft.Compute/virtualMachines/extensions,,,,,,,,,,,,
/subscriptions/8d74bfbe-15e1-43d1-8272-423e37441789/resourceGroups/Hoylake/providers/Microsoft.Compute/virtualMachines/HoylakeADF,,,westeurope,,HoylakeADF,,,Hoylake,,,,,,,Shared_ PD5469_ PD6228,DEV/TEST,Yes,Microsoft.Compute/virtualMachines,,,,,,,,,,,,
/subscriptions/8d74bfbe-15e1-43d1-8272-423e37441789/resourceGroups/HOYLAKE/providers/Microsoft.Compute/virtualMachines/HoylakeADF/extensions/IaaSAntimalware,,,westeurope,,HoylakeADF/IaaSAntimalware,,,HOYLAKE,,,,,,,Shared_ PD5469_ PD6228,DEV/TEST,Yes,Microsoft.Compute/virtualMachines/extensions,,,,,,,,,,,,
/subscriptions/8d74bfbe-15e1-43d1-8272-423e37441789/resourceGroups/HOYLAKE/providers/Microsoft.Compute/virtualMachines/HoylakeADF/extensions/MicrosoftMonitoringAgent,,,westeurope,,HoylakeADF/MicrosoftMonitoringAgent,,,HOYLAKE,,,,,,,Shared_ PD5469_ PD6228,DEV/TEST,Yes,Microsoft.Compute/virtualMachines/extensions,,,,,,,,,,,,
/subscriptions/8d74bfbe-15e1-43d1-8272-423e37441789/resourceGroups/hoylake/providers/Microsoft.Compute/virtualMachines/hoylakeadf/extensions/VMSnapshot,,,westeurope,,hoylakeadf/VMSnapshot,,,hoylake,,,,,,,Shared_ PD5469_ PD6228,DEV/TEST,Yes,Microsoft.Compute/virtualMachines/extensions,,,,,,,,,,,,
/subscriptions/8d74bfbe-15e1-43d1-8272-423e37441789/resourceGroups/Hoylake/providers/Microsoft.Compute/virtualMachines/hoylakevm,,,westeurope,,hoylakevm,,,Hoylake,,,,,,,Shared_ PD5469_ PD6228,DEV/TEST,Yes,Microsoft.Compute/virtualMachines,,,,,,,,,,,,
/subscriptions/8d74bfbe-15e1-43d1-8272-423e37441789/resourceGroups/HOYLAKE/providers/Microsoft.Compute/virtualMachines/hoylakevm/extensions/MicrosoftMonitoringAgent,,,westeurope,,hoylakevm/MicrosoftMonitoringAgent,,,HOYLAKE,,,,,,,Shared_ PD5469_ PD6228,DEV/TEST,Yes,Microsoft.Compute/virtualMachines/extensions,,,,,,,,,,,,
/subscriptions/8d74bfbe-15e1-43d1-8272-423e37441789/resourceGroups/hoylake/providers/Microsoft.Compute/virtualMachines/hoylakevm/extensions/VMSnapshot,,,westeurope,,hoylakevm/VMSnapshot,,,hoylake,,,,,,,Shared_ PD5469_ PD6228,DEV/TEST,Yes,Microsoft.Compute/virtualMachines/extensions,,,,,,,,,,,,
/subscriptions/8d74bfbe-15e1-43d1-8272-423e37441789/resourceGroups/Hoylake/providers/Microsoft.Compute/virtualMachines/JSDEVVMBackup,,,westeurope,,JSDEVVMBackup,,,Hoylake,,,,,,,Shared_ PD5469_ PD6228,DEV/TEST,Yes,Microsoft.Compute/virtualMachines,,,,,,,,,,,,
/subscriptions/8d74bfbe-15e1-43d1-8272-423e37441789/resourceGroups/HOYLAKE/providers/Microsoft.Compute/virtualMachines/JSDEVVMBackup/extensions/MicrosoftMonitoringAgent,,,westeurope,,JSDEVVMBackup/MicrosoftMonitoringAgent,,,HOYLAKE,,,,,,,,,,Microsoft.Compute/virtualMachines/extensions,,,,,,,,,,,,
/subscriptions/8d74bfbe-15e1-43d1-8272-423e37441789/resourceGroups/Hoylake/providers/Microsoft.Compute/virtualMachines/jshoylakedev1,,,westeurope,,jshoylakedev1,,,Hoylake,,,,,,,Shared_ PD5469_ PD6228,DEV/TEST,Yes,Microsoft.Compute/virtualMachines,,,,,,,,,,,,
/subscriptions/8d74bfbe-15e1-43d1-8272-423e37441789/resourceGroups/HOYLAKE/providers/Microsoft.Compute/virtualMachines/jshoylakedev1/extensions/MicrosoftMonitoringAgent,,,westeurope,,jshoylakedev1/MicrosoftMonitoringAgent,,,HOYLAKE,,,,,,,Shared_ PD5469_ PD6228,DEV/TEST,Yes,Microsoft.Compute/virtualMachines/extensions,,,,,,,,,,,,
/subscriptions/8d74bfbe-15e1-43d1-8272-423e37441789/resourceGroups/hoylake/providers/Microsoft.Compute/virtualMachines/jshoylakedev1/extensions/VMSnapshot,,,westeurope,,jshoylakedev1/VMSnapshot,,,hoylake,,,,,,,Shared_ PD5469_ PD6228,DEV/TEST,Yes,Microsoft.Compute/virtualMachines/extensions,,,,,,,,,,,,
/subscriptions/8d74bfbe-15e1-43d1-8272-423e37441789/resourceGroups/Hoylake/providers/Microsoft.Compute/virtualMachines/jshoylakedev2,,,westeurope,,jshoylakedev2,,,Hoylake,,,,,,,Shared_ PD5469_ PD6228,DEV/TEST,Yes,Microsoft.Compute/virtualMachines,,,,,,,,,,,,
/subscriptions/8d74bfbe-15e1-43d1-8272-423e37441789/resourceGroups/HOYLAKE/providers/Microsoft.Compute/virtualMachines/jshoylakedev2/extensions/MicrosoftMonitoringAgent,,,westeurope,,jshoylakedev2/MicrosoftMonitoringAgent,,,HOYLAKE,,,,,,,Shared_ PD5469_ PD6228,DEV/TEST,Yes,Microsoft.Compute/virtualMachines/extensions,,,,,,,,,,,,
/subscriptions/8d74bfbe-15e1-43d1-8272-423e37441789/resourceGroups/hoylake/providers/Microsoft.Compute/virtualMachines/jshoylakedev2/extensions/VMSnapshot,,,westeurope,,jshoylakedev2/VMSnapshot,,,hoylake,,,,,,,Shared_ PD5469_ PD6228,DEV/TEST,Yes,Microsoft.Compute/virtualMachines/extensions,,,,,,,,,,,,
/subscriptions/8d74bfbe-15e1-43d1-8272-423e37441789/resourceGroups/Hoylake/providers/Microsoft.Compute/virtualMachines/jshoylakedevVM2,,,westeurope,,jshoylakedevVM2,,,Hoylake,,,,,,,Shared_ PD5469_ PD6228,DEV/TEST,Yes,Microsoft.Compute/virtualMachines,,,,,,,,,,,,
/subscriptions/8d74bfbe-15e1-43d1-8272-423e37441789/resourceGroups/HOYLAKE/providers/Microsoft.Compute/virtualMachines/jshoylakedevVM2/extensions/MicrosoftMonitoringAgent,,,westeurope,,jshoylakedevVM2/MicrosoftMonitoringAgent,,,HOYLAKE,,,,,,,Shared_ PD5469_ PD6228,DEV/TEST,Yes,Microsoft.Compute/virtualMachines/extensions,,,,,,,,,,,,
/subscriptions/8d74bfbe-15e1-43d1-8272-423e37441789/resourceGroups/hoylake/providers/Microsoft.Compute/virtualMachines/jshoylakedevvm2/extensions/VMSnapshot,,,westeurope,,jshoylakedevvm2/VMSnapshot,,,hoylake,,,,,,,Shared_ PD5469_ PD6228,DEV/TEST,Yes,Microsoft.Compute/virtualMachines/extensions,,,,,,,,,,,,
/subscriptions/8d74bfbe-15e1-43d1-8272-423e37441789/resourceGroups/Hoylake/providers/Microsoft.Compute/virtualMachines/jshoylakedevVM3,,,westeurope,,jshoylakedevVM3,,,Hoylake,,,,,,,Shared_ PD5469_ PD6228,DEV/TEST,Yes,Microsoft.Compute/virtualMachines,,,,,,,,,,,,
/subscriptions/8d74bfbe-15e1-43d1-8272-423e37441789/resourceGroups/HOYLAKE/providers/Microsoft.Compute/virtualMachines/jshoylakedevVM3/extensions/MicrosoftMonitoringAgent,,,westeurope,,jshoylakedevVM3/MicrosoftMonitoringAgent,,,HOYLAKE,,,,,,,Shared_ PD5469_ PD6228,DEV/TEST,Yes,Microsoft.Compute/virtualMachines/extensions,,,,,,,,,,,,
/subscriptions/8d74bfbe-15e1-43d1-8272-423e37441789/resourceGroups/Hoylake/providers/Microsoft.Compute/virtualMachines/jshoylaketest1,,,westeurope,,jshoylaketest1,,,Hoylake,,,,,,,Shared_ PD5469_ PD6228,DEV/TEST,Yes,Microsoft.Compute/virtualMachines,,,,,,,,,,,,
/subscriptions/8d74bfbe-15e1-43d1-8272-423e37441789/resourceGroups/HOYLAKE/providers/Microsoft.Compute/virtualMachines/jshoylaketest1/extensions/IaaSAntimalware,,,westeurope,,jshoylaketest1/IaaSAntimalware,,,HOYLAKE,,,,,,,Shared_ PD5469_ PD6228,DEV/TEST,Yes,Microsoft.Compute/virtualMachines/extensions,,,,,,,,,,,,
/subscriptions/8d74bfbe-15e1-43d1-8272-423e37441789/resourceGroups/HOYLAKE/providers/Microsoft.Compute/virtualMachines/jshoylaketest1/extensions/MicrosoftMonitoringAgent,,,westeurope,,jshoylaketest1/MicrosoftMonitoringAgent,,,HOYLAKE,,,,,,,Shared_ PD5469_ PD6228,DEV/TEST,Yes,Microsoft.Compute/virtualMachines/extensions,,,,,,,,,,,,
/subscriptions/8d74bfbe-15e1-43d1-8272-423e37441789/resourceGroups/Hoylake/providers/Microsoft.Compute/virtualMachines/JSWholeSaleHgVM,,,westeurope,,JSWholeSaleHgVM,,,Hoylake,,,,,,,,,,Microsoft.Compute/virtualMachines,,,,,,,,,,,,
/subscriptions/8d74bfbe-15e1-43d1-8272-423e37441789/resourceGroups/Hoylake/providers/Microsoft.Compute/virtualMachines/JSWholeSaleHgVM/extensions/IaaSAntimalware,,,westeurope,,JSWholeSaleHgVM/IaaSAntimalware,,,Hoylake,,,,,,,,,,Microsoft.Compute/virtualMachines/extensions,,,,,,,,,,,,
/subscriptions/8d74bfbe-15e1-43d1-8272-423e37441789/resourceGroups/Hoylake/providers/Microsoft.Compute/virtualMachines/JSWholeSaleHgVM/extensions/IaaSDiagnostics,,,westeurope,,JSWholeSaleHgVM/IaaSDiagnostics,,,Hoylake,,,,,,,,,,Microsoft.Compute/virtualMachines/extensions,,,,,,,,,,,,
/subscriptions/8d74bfbe-15e1-43d1-8272-423e37441789/resourceGroups/HOYLAKE/providers/Microsoft.Compute/virtualMachines/JSWholeSaleHgVM/extensions/MicrosoftMonitoringAgent,,,westeurope,,JSWholeSaleHgVM/MicrosoftMonitoringAgent,,,HOYLAKE,,,,,,,,,,Microsoft.Compute/virtualMachines/extensions,,,,,,,,,,,,
/subscriptions/8d74bfbe-15e1-43d1-8272-423e37441789/resourceGroups/Hoylake/providers/Microsoft.Compute/virtualMachines/WholesalehgVM2,,,westeurope,,WholesalehgVM2,,,Hoylake,,,,,,,,,,Microsoft.Compute/virtualMachines,,,,,,,,,,,,
/subscriptions/8d74bfbe-15e1-43d1-8272-423e37441789/resourceGroups/Hoylake/providers/Microsoft.Compute/virtualMachines/WholesalehgVM2/extensions/IaaSAntimalware,,,westeurope,,WholesalehgVM2/IaaSAntimalware,,,Hoylake,,,,,,,,,,Microsoft.Compute/virtualMachines/extensions,,,,,,,,,,,,
/subscriptions/8d74bfbe-15e1-43d1-8272-423e37441789/resourceGroups/Hoylake/providers/Microsoft.Compute/virtualMachines/WholesalehgVM2/extensions/IaaSDiagnostics,,,westeurope,,WholesalehgVM2/IaaSDiagnostics,,,Hoylake,,,,,,,,,,Microsoft.Compute/virtualMachines/extensions,,,,,,,,,,,,
/subscriptions/8d74bfbe-15e1-43d1-8272-423e37441789/resourceGroups/Hoylake/providers/Microsoft.DataFactory/dataFactories/justtest,,,northeurope,,justtest,,,Hoylake,,,,,,,Shared_ PD5469_ PD6228,DEV/TEST,Yes,Microsoft.DataFactory/dataFactories,,,,,,,,,,,,
/subscriptions/8d74bfbe-15e1-43d1-8272-423e37441789/resourceGroups/Hoylake/providers/Microsoft.DataFactory/dataFactories/productjson,,,northeurope,,productjson,,,Hoylake,,,,,,,Shared_ PD5469_ PD6228,DEV/TEST,Yes,Microsoft.DataFactory/dataFactories,,,,,,,,,,,,
/subscriptions/8d74bfbe-15e1-43d1-8272-423e37441789/resourceGroups/Hoylake/providers/Microsoft.DataFactory/dataFactories/promotionjson,,,northeurope,,promotionjson,,,Hoylake,,,,,,,Shared_ PD5469_ PD6228,DEV/TEST,Yes,Microsoft.DataFactory/dataFactories,,,,,,,,,,,,
/subscriptions/8d74bfbe-15e1-43d1-8272-423e37441789/resourceGroups/Hoylake/providers/Microsoft.DataFactory/dataFactories/Testsample,,,northeurope,,Testsample,,,Hoylake,,,,,,,Shared_ PD5469_ PD6228,DEV/TEST,Yes,Microsoft.DataFactory/dataFactories,,,,,,,,,,,,
/subscriptions/8d74bfbe-15e1-43d1-8272-423e37441789/resourceGroups/Hoylake/providers/Microsoft.DomainRegistration/domains/jstest3.co.uk,,,global,,jstest3.co.uk,,,Hoylake,,,,,,,PD5469,DEV/TEST,Yes,Microsoft.DomainRegistration/domains,,,,,,,,,,,,
/subscriptions/8d74bfbe-15e1-43d1-8272-423e37441789/resourceGroups/Hoylake/providers/microsoft.insights/actiongroups/AlertDevTeam,,,global,,AlertDevTeam,,,Hoylake,,,,,,,Shared_ PD5469_ PD6228,DEV/TEST,Yes,microsoft.insights/actiongroups,,,,,,,,,,,,
/subscriptions/8d74bfbe-15e1-43d1-8272-423e37441789/resourceGroups/Hoylake/providers/microsoft.insights/actiongroups/DevTeamAlertsforLogicApp,,,global,,DevTeamAlertsforLogicApp,,,Hoylake,,,,,,,Shared_ PD5469_ PD6228,DEV/TEST,Yes,microsoft.insights/actiongroups,,,,,,,,,,,,
/subscriptions/8d74bfbe-15e1-43d1-8272-423e37441789/resourceGroups/Hoylake/providers/microsoft.insights/activityLogAlerts/NormalisationFailure,,,global,,NormalisationFailure,,,Hoylake,,,,,,,,,,microsoft.insights/activityLogAlerts,,,,,,,,,,,,
/subscriptions/8d74bfbe-15e1-43d1-8272-423e37441789/resourceGroups/Hoylake/providers/microsoft.insights/activityLogAlerts/SIT_Logic_App_EOD_StoreList,,,global,,SIT_Logic_App_EOD_StoreList,,,Hoylake,,,,,,,,,,microsoft.insights/activityLogAlerts,,,,,,,,,,,,
/subscriptions/8d74bfbe-15e1-43d1-8272-423e37441789/resourceGroups/Hoylake/providers/microsoft.insights/alertrules/Cpu Usage Alert,,,westeurope,,Cpu Usage Alert,,,Hoylake,,,,,,,,,,microsoft.insights/alertrules,,,Resource,,,,,,,,,
/subscriptions/8d74bfbe-15e1-43d1-8272-423e37441789/resourceGroups/Hoylake/providers/microsoft.insights/alertrules/EODMetricAlertStoreListSIT,,,westeurope,,EODMetricAlertStoreListSIT,,,Hoylake,,,,,,,,,,microsoft.insights/alertrules,,,,Resource,,,,,,,,
/subscriptions/8d74bfbe-15e1-43d1-8272-423e37441789/resourceGroups/Hoylake/providers/microsoft.insights/alertrules/Failure Anomalies - Dev-JSPartnerAPI,,,westeurope,,Failure Anomalies - Dev-JSPartnerAPI,,,Hoylake,,,,,,,,,,microsoft.insights/alertrules,,,,,Resource,,,,,,,
/subscriptions/8d74bfbe-15e1-43d1-8272-423e37441789/resourceGroups/Hoylake/providers/microsoft.insights/alertrules/Failure Anomalies - Dev-JSPartnerAPIForVersioning,,,westeurope,,Failure Anomalies - Dev-JSPartnerAPIForVersioning,,,Hoylake,,,,,,,,,,microsoft.insights/alertrules,,,,,,Resource,,,,,,
/subscriptions/8d74bfbe-15e1-43d1-8272-423e37441789/resourceGroups/Hoylake/providers/microsoft.insights/alertrules/FlaternXmlAlert,,,westeurope,,FlaternXmlAlert,,,Hoylake,,,,,,,,,,microsoft.insights/alertrules,,,,,,,Resource,,,,,
/subscriptions/8d74bfbe-15e1-43d1-8272-423e37441789/resourceGroups/Hoylake/providers/microsoft.insights/alertrules/FlatternXmlAlert_DEV,,,westeurope,,FlatternXmlAlert_DEV,,,Hoylake,,,,,,,,,,microsoft.insights/alertrules,,,,,,,,Resource,,,,
/subscriptions/8d74bfbe-15e1-43d1-8272-423e37441789/resourceGroups/Hoylake/providers/microsoft.insights/alertrules/NormalisationFailureSIT,,,westeurope,,NormalisationFailureSIT,,,Hoylake,,,,,,,,,,microsoft.insights/alertrules,,,,,,,Resource,,,,,
/subscriptions/8d74bfbe-15e1-43d1-8272-423e37441789/resourceGroups/Hoylake/providers/microsoft.insights/alertrules/TestAlert,,,westeurope,,TestAlert,,,Hoylake,,,,,,,,,,microsoft.insights/alertrules,,,,Resource,,,,,,,,
/subscriptions/8d74bfbe-15e1-43d1-8272-423e37441789/resourceGroups/Hoylake/providers/microsoft.insights/components/Dev-JSPartnerAPI,,web,westeurope,,Dev-JSPartnerAPI,,,Hoylake,,,,,,,Shared_ PD5469_ PD6228,DEV/TEST,Yes,microsoft.insights/components,,,,,,,,,,,,
/subscriptions/8d74bfbe-15e1-43d1-8272-423e37441789/resourceGroups/Hoylake/providers/microsoft.insights/components/Dev-JSPartnerAPIForVersioning,,web,westeurope,,Dev-JSPartnerAPIForVersioning,,,Hoylake,,,,,,,Shared_ PD5469_ PD6228,DEV/TEST,Yes,microsoft.insights/components,,,,,,,,,,,,
/subscriptions/8d74bfbe-15e1-43d1-8272-423e37441789/resourceGroups/Hoylake/providers/microsoft.insights/components/HoylakeAPIPOC,,web,westeurope,,HoylakeAPIPOC,,,Hoylake,,,,,,,Shared_ PD5469_ PD6228,DEV/TEST,Yes,microsoft.insights/components,,,,,,,,,,,,
/subscriptions/8d74bfbe-15e1-43d1-8272-423e37441789/resourceGroups/Hoylake/providers/microsoft.insights/components/jshoylakedev2,,web,westeurope,,jshoylakedev2,,,Hoylake,,,,,,,Shared_ PD5469_ PD6228,DEV/TEST,Yes,microsoft.insights/components,,,,,,,,,,,,
/subscriptions/8d74bfbe-15e1-43d1-8272-423e37441789/resourceGroups/Hoylake/providers/microsoft.insights/components/JSTestHoylakeWebjob,,web,westeurope,,JSTestHoylakeWebjob,,,Hoylake,,,,,,,Shared_ PD5469_ PD6228,DEV/TEST,Yes,microsoft.insights/components,,,,,,,,,,,,
/subscriptions/8d74bfbe-15e1-43d1-8272-423e37441789/resourceGroups/Hoylake/providers/microsoft.insights/components/RestAppTest-97e7,,web,westeurope,,RestAppTest-97e7,,,Hoylake,,,,,,,Shared_ PD5469_ PD6228,DEV/TEST,Yes,microsoft.insights/components,,,,,,,,,,,,
/subscriptions/8d74bfbe-15e1-43d1-8272-423e37441789/resourceGroups/Hoylake/providers/microsoft.insights/components/Test-JSPartnerOpeartionsApi,,web,westeurope,,Test-JSPartnerOpeartionsApi,,,Hoylake,,,,,,,Shared_ PD5469_ PD6228,DEV/TEST,Yes,microsoft.insights/components,,,,,,,,,,,,
/subscriptions/8d74bfbe-15e1-43d1-8272-423e37441789/resourceGroups/Hoylake/providers/microsoft.insights/components/TestJSInboundWebJobD2,,web,westeurope,,TestJSInboundWebJobD2,,,Hoylake,,,,,,,Shared_ PD5469_ PD6228,DEV/TEST,Yes,microsoft.insights/components,,,,,,,,,,,,
/subscriptions/8d74bfbe-15e1-43d1-8272-423e37441789/resourceGroups/Hoylake/providers/microsoft.insights/metricalerts/AlertingForLogicApp,,,global,,AlertingForLogicApp,,,Hoylake,,,,,,,,,,microsoft.insights/metricalerts,,,,,,,,,,,,
/subscriptions/8d74bfbe-15e1-43d1-8272-423e37441789/resourceGroups/Hoylake/providers/Microsoft.Logic/integrationAccounts/JSHoylakeIntegration,,,westeurope,,JSHoylakeIntegration,,,Hoylake,,,,Free,,,Shared_ PD5469_ PD6228,DEV/TEST,Yes,Microsoft.Logic/integrationAccounts,,,,,,,,,,,,
/subscriptions/8d74bfbe-15e1-43d1-8272-423e37441789/resourceGroups/Hoylake/providers/Microsoft.Logic/workflows/EODStoreListSITApp,,,westeurope,,EODStoreListSITApp,,,Hoylake,,,,,,,Shared_ PD5469_ PD6228,DEV/TEST,Yes,Microsoft.Logic/workflows,,,,,,,,,,,,
/subscriptions/8d74bfbe-15e1-43d1-8272-423e37441789/resourceGroups/Hoylake/providers/Microsoft.Logic/workflows/EODStoreTotalsAlertSIT,,,westeurope,,EODStoreTotalsAlertSIT,,,Hoylake,,,,,,,Shared_ PD5469_ PD6228,DEV/TEST,Yes,Microsoft.Logic/workflows,,,,,,,,,,,,
/subscriptions/8d74bfbe-15e1-43d1-8272-423e37441789/resourceGroups/Hoylake/providers/Microsoft.Logic/workflows/EODTradingWindow,,,westeurope,,EODTradingWindow,,,Hoylake,,,,,,,Shared_ PD5469_ PD6228,DEV/TEST,Yes,Microsoft.Logic/workflows,,,,,,,,,,,,
/subscriptions/8d74bfbe-15e1-43d1-8272-423e37441789/resourceGroups/Hoylake/providers/Microsoft.Logic/workflows/FlattenJSON_SIT,,,westeurope,,FlattenJSON_SIT,,,Hoylake,,,,,,,Shared_ PD5469_ PD6228,DEV/TEST,Yes,Microsoft.Logic/workflows,,,,,,,,,,,,
/subscriptions/8d74bfbe-15e1-43d1-8272-423e37441789/resourceGroups/Hoylake/providers/Microsoft.Logic/workflows/HealthCheckOFStore-SIT,,,westeurope,,HealthCheckOFStore-SIT,,,Hoylake,,,,,,,Shared_ PD5469_ PD6228,DEV/TEST,Yes,Microsoft.Logic/workflows,,,,,,,,,,,,
/subscriptions/8d74bfbe-15e1-43d1-8272-423e37441789/resourceGroups/Hoylake/providers/Microsoft.Logic/workflows/ResendMessages-ForServiceBusFailure-SIT,,,westeurope,,ResendMessages-ForServiceBusFailure-SIT,,,Hoylake,,,,,,,Shared_ PD5469_ PD6228,DEV/TEST,Yes,Microsoft.Logic/workflows,,,,,,,,,,,,
/subscriptions/8d74bfbe-15e1-43d1-8272-423e37441789/resourceGroups/Hoylake/providers/Microsoft.Network/dnszones/jstest3.co.uk,,,global,,jstest3.co.uk,,,Hoylake,,,,,,,Shared_ PD5469_ PD6228,DEV/TEST,Yes,Microsoft.Network/dnszones,,,,,,,,,,,,
/subscriptions/8d74bfbe-15e1-43d1-8272-423e37441789/resourceGroups/Hoylake/providers/Microsoft.Network/networkInterfaces/changehgavlvm381,,,westeurope,,changehgavlvm381,,,Hoylake,,,,,,,,,,Microsoft.Network/networkInterfaces,,,,,,,,,,,,
/subscriptions/8d74bfbe-15e1-43d1-8272-423e37441789/resourceGroups/Hoylake/providers/Microsoft.Network/networkInterfaces/demo1883,,,westeurope,,demo1883,,,Hoylake,,,,,,,,,,Microsoft.Network/networkInterfaces,,,,,,,,,,,,
/subscriptions/8d74bfbe-15e1-43d1-8272-423e37441789/resourceGroups/Hoylake/providers/Microsoft.Network/networkInterfaces/demo2429,,,westeurope,,demo2429,,,Hoylake,,,,,,,,,,Microsoft.Network/networkInterfaces,,,,,,,,,,,,
/subscriptions/8d74bfbe-15e1-43d1-8272-423e37441789/resourceGroups/Hoylake/providers/Microsoft.Network/networkInterfaces/demoas1589,,,westeurope,,demoas1589,,,Hoylake,,,,,,,,,,Microsoft.Network/networkInterfaces,,,,,,,,,,,,
/subscriptions/8d74bfbe-15e1-43d1-8272-423e37441789/resourceGroups/Hoylake/providers/Microsoft.Network/networkInterfaces/demoas295,,,westeurope,,demoas295,,,Hoylake,,,,,,,,,,Microsoft.Network/networkInterfaces,,,,,,,,,,,,
/subscriptions/8d74bfbe-15e1-43d1-8272-423e37441789/resourceGroups/Hoylake/providers/Microsoft.Network/networkInterfaces/hgcheckvm1613,,,westeurope,,hgcheckvm1613,,,Hoylake,,,,,,,,,,Microsoft.Network/networkInterfaces,,,,,,,,,,,,
/subscriptions/8d74bfbe-15e1-43d1-8272-423e37441789/resourceGroups/Hoylake/providers/Microsoft.Network/networkInterfaces/hgcheckvm174,,,westeurope,,hgcheckvm174,,,Hoylake,,,,,,,,,,Microsoft.Network/networkInterfaces,,,,,,,,,,,,
/subscriptions/8d74bfbe-15e1-43d1-8272-423e37441789/resourceGroups/Hoylake/providers/Microsoft.Network/networkInterfaces/hoylakeadf577,,,westeurope,,hoylakeadf577,,,Hoylake,,,,,,,Shared_ PD5469_ PD6228,DEV/TEST,Yes,Microsoft.Network/networkInterfaces,,,,,,,,,,,,
/subscriptions/8d74bfbe-15e1-43d1-8272-423e37441789/resourceGroups/Hoylake/providers/Microsoft.Network/networkInterfaces/hoylakevm570,,,westeurope,,hoylakevm570,,,Hoylake,,,,,,,Shared_ PD5469_ PD6228,DEV/TEST,Yes,Microsoft.Network/networkInterfaces,,,,,,,,,,,,
/subscriptions/8d74bfbe-15e1-43d1-8272-423e37441789/resourceGroups/Hoylake/providers/Microsoft.Network/networkInterfaces/IHgNWSwap,,,westeurope,,IHgNWSwap,,,Hoylake,,,,,,,,,,Microsoft.Network/networkInterfaces,,,,,,,,,,,,
/subscriptions/8d74bfbe-15e1-43d1-8272-423e37441789/resourceGroups/Hoylake/providers/Microsoft.Network/networkInterfaces/JSDEVVMBackup-nic-635007dc0d50465c9baafaaff9f69221,,,westeurope,,JSDEVVMBackup-nic-635007dc0d50465c9baafaaff9f69221,,,Hoylake,,,,,,,,,,Microsoft.Network/networkInterfaces,,,,,,,,,,,,
/subscriptions/8d74bfbe-15e1-43d1-8272-423e37441789/resourceGroups/Hoylake/providers/Microsoft.Network/networkInterfaces/jshoylakedev1329,,,westeurope,,jshoylakedev1329,,,Hoylake,,,,,,,Shared_ PD5469_ PD6228,DEV/TEST,Yes,Microsoft.Network/networkInterfaces,,,,,,,,,,,,
/subscriptions/8d74bfbe-15e1-43d1-8272-423e37441789/resourceGroups/Hoylake/providers/Microsoft.Network/networkInterfaces/jshoylakedev2389,,,westeurope,,jshoylakedev2389,,,Hoylake,,,,,,,Shared_ PD5469_ PD6228,DEV/TEST,Yes,Microsoft.Network/networkInterfaces,,,,,,,,,,,,
/subscriptions/8d74bfbe-15e1-43d1-8272-423e37441789/resourceGroups/Hoylake/providers/Microsoft.Network/networkInterfaces/jshoylakedevvm2590,,,westeurope,,jshoylakedevvm2590,,,Hoylake,,,,,,,Shared_ PD5469_ PD6228,DEV/TEST,Yes,Microsoft.Network/networkInterfaces,,,,,,,,,,,,
/subscriptions/8d74bfbe-15e1-43d1-8272-423e37441789/resourceGroups/Hoylake/providers/Microsoft.Network/networkInterfaces/jshoylakedevvm3684,,,westeurope,,jshoylakedevvm3684,,,Hoylake,,,,,,,Shared_ PD5469_ PD6228,DEV/TEST,Yes,Microsoft.Network/networkInterfaces,,,,,,,,,,,,
/subscriptions/8d74bfbe-15e1-43d1-8272-423e37441789/resourceGroups/Hoylake/providers/Microsoft.Network/networkInterfaces/jshoylaketest1465,,,westeurope,,jshoylaketest1465,,,Hoylake,,,,,,,Shared_ PD5469_ PD6228,DEV/TEST,Yes,Microsoft.Network/networkInterfaces,,,,,,,,,,,,
/subscriptions/8d74bfbe-15e1-43d1-8272-423e37441789/resourceGroups/Hoylake/providers/Microsoft.Network/networkInterfaces/JSHoyNWInterface,,,westeurope,,JSHoyNWInterface,,,Hoylake,,,,,,,,,,Microsoft.Network/networkInterfaces,,,,,,,,,,,,
/subscriptions/8d74bfbe-15e1-43d1-8272-423e37441789/resourceGroups/Hoylake/providers/Microsoft.Network/networkInterfaces/jswholesalehgvm230,,,westeurope,,jswholesalehgvm230,,,Hoylake,,,,,,,,,,Microsoft.Network/networkInterfaces,,,,,,,,,,,,
/subscriptions/8d74bfbe-15e1-43d1-8272-423e37441789/resourceGroups/Hoylake/providers/Microsoft.Network/networkInterfaces/wholesalehgvm2952,,,westeurope,,wholesalehgvm2952,,,Hoylake,,,,,,,,,,Microsoft.Network/networkInterfaces,,,,,,,,,,,,
/subscriptions/8d74bfbe-15e1-43d1-8272-423e37441789/resourceGroups/Hoylake/providers/Microsoft.Network/networkSecurityGroups/Demo1-nsg,,,westeurope,,Demo1-nsg,,,Hoylake,,,,,,,,,,Microsoft.Network/networkSecurityGroups,,,,,,,,,,,,
/subscriptions/8d74bfbe-15e1-43d1-8272-423e37441789/resourceGroups/Hoylake/providers/Microsoft.Network/networkSecurityGroups/Demo2-nsg,,,westeurope,,Demo2-nsg,,,Hoylake,,,,,,,,,,Microsoft.Network/networkSecurityGroups,,,,,,,,,,,,
/subscriptions/8d74bfbe-15e1-43d1-8272-423e37441789/resourceGroups/Hoylake/providers/Microsoft.Network/networkSecurityGroups/DemoAS-nsg,,,westeurope,,DemoAS-nsg,,,Hoylake,,,,,,,,,,Microsoft.Network/networkSecurityGroups,,,,,,,,,,,,
/subscriptions/8d74bfbe-15e1-43d1-8272-423e37441789/resourceGroups/Hoylake/providers/Microsoft.Network/networkSecurityGroups/HgCheckVM-nsg,,,westeurope,,HgCheckVM-nsg,,,Hoylake,,,,,,,,,,Microsoft.Network/networkSecurityGroups,,,,,,,,,,,,
/subscriptions/8d74bfbe-15e1-43d1-8272-423e37441789/resourceGroups/Hoylake/providers/Microsoft.Network/networkSecurityGroups/HoylakeADF-nsg,,,westeurope,,HoylakeADF-nsg,,,Hoylake,,,,,,,Shared_ PD5469_ PD6228,DEV/TEST,Yes,Microsoft.Network/networkSecurityGroups,,,,,,,,,,,,
/subscriptions/8d74bfbe-15e1-43d1-8272-423e37441789/resourceGroups/Hoylake/providers/Microsoft.Network/networkSecurityGroups/hoylakevm-nsg,,,westeurope,,hoylakevm-nsg,,,Hoylake,,,,,,,Shared_ PD5469_ PD6228,DEV/TEST,Yes,Microsoft.Network/networkSecurityGroups,,,,,,,,,,,,
/subscriptions/8d74bfbe-15e1-43d1-8272-423e37441789/resourceGroups/Hoylake/providers/Microsoft.Network/networkSecurityGroups/HoyLakeVmDev-nsg,,,westeurope,,HoyLakeVmDev-nsg,,,Hoylake,,,,,,,Shared_ PD5469_ PD6228,DEV/TEST,Yes,Microsoft.Network/networkSecurityGroups,,,,,,,,,,,,
/subscriptions/8d74bfbe-15e1-43d1-8272-423e37441789/resourceGroups/Hoylake/providers/Microsoft.Network/networkSecurityGroups/hoylakevmnsg660,,,westeurope,,hoylakevmnsg660,,,Hoylake,,,,,,,Shared_ PD5469_ PD6228,DEV/TEST,Yes,Microsoft.Network/networkSecurityGroups,,,,,,,,,,,,
/subscriptions/8d74bfbe-15e1-43d1-8272-423e37441789/resourceGroups/Hoylake/providers/Microsoft.Network/networkSecurityGroups/hoylakevmnsg878,,,westeurope,,hoylakevmnsg878,,,Hoylake,,,,,,,Shared_ PD5469_ PD6228,DEV/TEST,Yes,Microsoft.Network/networkSecurityGroups,,,,,,,,,,,,
/subscriptions/8d74bfbe-15e1-43d1-8272-423e37441789/resourceGroups/Hoylake/providers/Microsoft.Network/networkSecurityGroups/jshoylakedev1-nsg,,,westeurope,,jshoylakedev1-nsg,,,Hoylake,,,,,,,Shared_ PD5469_ PD6228,DEV/TEST,Yes,Microsoft.Network/networkSecurityGroups,,,,,,,,,,,,
/subscriptions/8d74bfbe-15e1-43d1-8272-423e37441789/resourceGroups/Hoylake/providers/Microsoft.Network/networkSecurityGroups/jshoylakedev2-nsg,,,westeurope,,jshoylakedev2-nsg,,,Hoylake,,,,,,,Shared_ PD5469_ PD6228,DEV/TEST,Yes,Microsoft.Network/networkSecurityGroups,,,,,,,,,,,,
/subscriptions/8d74bfbe-15e1-43d1-8272-423e37441789/resourceGroups/Hoylake/providers/Microsoft.Network/networkSecurityGroups/jshoylakedevVM2-nsg,,,westeurope,,jshoylakedevVM2-nsg,,,Hoylake,,,,,,,Shared_ PD5469_ PD6228,DEV/TEST,Yes,Microsoft.Network/networkSecurityGroups,,,,,,,,,,,,
/subscriptions/8d74bfbe-15e1-43d1-8272-423e37441789/resourceGroups/Hoylake/providers/Microsoft.Network/networkSecurityGroups/jshoylakedevVM3-nsg,,,westeurope,,jshoylakedevVM3-nsg,,,Hoylake,,,,,,,Shared_ PD5469_ PD6228,DEV/TEST,Yes,Microsoft.Network/networkSecurityGroups,,,,,,,,,,,,
/subscriptions/8d74bfbe-15e1-43d1-8272-423e37441789/resourceGroups/Hoylake/providers/Microsoft.Network/networkSecurityGroups/jshoylaketest1-nsg,,,westeurope,,jshoylaketest1-nsg,,,Hoylake,,,,,,,Shared_ PD5469_ PD6228,DEV/TEST,Yes,Microsoft.Network/networkSecurityGroups,,,,,,,,,,,,
/subscriptions/8d74bfbe-15e1-43d1-8272-423e37441789/resourceGroups/Hoylake/providers/Microsoft.Network/networkSecurityGroups/JSWholeSaleHgVM-nsg,,,westeurope,,JSWholeSaleHgVM-nsg,,,Hoylake,,,,,,,,,,Microsoft.Network/networkSecurityGroups,,,,,,,,,,,,
/subscriptions/8d74bfbe-15e1-43d1-8272-423e37441789/resourceGroups/Hoylake/providers/Microsoft.Network/networkSecurityGroups/TestVM-nsg,,,westeurope,,TestVM-nsg,,,Hoylake,,,,,,,Shared_ PD5469_ PD6228,DEV/TEST,Yes,Microsoft.Network/networkSecurityGroups,,,,,,,,,,,,
/subscriptions/8d74bfbe-15e1-43d1-8272-423e37441789/resourceGroups/Hoylake/providers/Microsoft.Network/networkSecurityGroups/WholesalehgVM2-nsg,,,westeurope,,WholesalehgVM2-nsg,,,Hoylake,,,,,,,,,,Microsoft.Network/networkSecurityGroups,,,,,,,,,,,,
/subscriptions/8d74bfbe-15e1-43d1-8272-423e37441789/resourceGroups/Hoylake/providers/Microsoft.Network/publicIPAddresses/ChangeHgAvlVM-ip,,,westeurope,,ChangeHgAvlVM-ip,,,Hoylake,,,,Basic,,Regional,,,,Microsoft.Network/publicIPAddresses,,,,,,,,,,,,
/subscriptions/8d74bfbe-15e1-43d1-8272-423e37441789/resourceGroups/Hoylake/providers/Microsoft.Network/publicIPAddresses/Demo1-ip,,,westeurope,,Demo1-ip,,,Hoylake,,,,Basic,,Regional,,,,Microsoft.Network/publicIPAddresses,,,,,,,,,,,,
/subscriptions/8d74bfbe-15e1-43d1-8272-423e37441789/resourceGroups/Hoylake/providers/Microsoft.Network/publicIPAddresses/Demo2-ip,,,westeurope,,Demo2-ip,,,Hoylake,,,,Basic,,Regional,,,,Microsoft.Network/publicIPAddresses,,,,,,,,,,,,
/subscriptions/8d74bfbe-15e1-43d1-8272-423e37441789/resourceGroups/Hoylake/providers/Microsoft.Network/publicIPAddresses/DemoAS1-ip,,,westeurope,,DemoAS1-ip,,,Hoylake,,,,Basic,,Regional,,,,Microsoft.Network/publicIPAddresses,,,,,,,,,,,,
/subscriptions/8d74bfbe-15e1-43d1-8272-423e37441789/resourceGroups/Hoylake/providers/Microsoft.Network/publicIPAddresses/DemoAS2-ip,,,westeurope,,DemoAS2-ip,,,Hoylake,,,,Basic,,Regional,,,,Microsoft.Network/publicIPAddresses,,,,,,,,,,,,
/subscriptions/8d74bfbe-15e1-43d1-8272-423e37441789/resourceGroups/Hoylake/providers/Microsoft.Network/publicIPAddresses/HgCheckVM1-ip,,,westeurope,,HgCheckVM1-ip,,,Hoylake,,,,Basic,,Regional,,,,Microsoft.Network/publicIPAddresses,,,,,,,,,,,,
/subscriptions/8d74bfbe-15e1-43d1-8272-423e37441789/resourceGroups/Hoylake/providers/Microsoft.Network/publicIPAddresses/HgCheckVM-ip,,,westeurope,,HgCheckVM-ip,,,Hoylake,,,,Basic,,Regional,,,,Microsoft.Network/publicIPAddresses,,,,,,,,,,,,
/subscriptions/8d74bfbe-15e1-43d1-8272-423e37441789/resourceGroups/Hoylake/providers/Microsoft.Network/publicIPAddresses/HoylakeADF-ip,,,westeurope,,HoylakeADF-ip,,,Hoylake,,,,Basic,,,Shared_ PD5469_ PD6228,DEV/TEST,Yes,Microsoft.Network/publicIPAddresses,,,,,,,,,,,,
/subscriptions/8d74bfbe-15e1-43d1-8272-423e37441789/resourceGroups/Hoylake/providers/Microsoft.Network/publicIPAddresses/hoylakevm-ip,,,westeurope,,hoylakevm-ip,,,Hoylake,,,,Basic,,,Shared_ PD5469_ PD6228,DEV/TEST,Yes,Microsoft.Network/publicIPAddresses,,,,,,,,,,,,
/subscriptions/8d74bfbe-15e1-43d1-8272-423e37441789/resourceGroups/Hoylake/providers/Microsoft.Network/publicIPAddresses/HoyLakeVmDev-ip,,,westeurope,,HoyLakeVmDev-ip,,,Hoylake,,,,Basic,,,Shared_ PD5469_ PD6228,DEV/TEST,Yes,Microsoft.Network/publicIPAddresses,,,,,,,,,,,,
/subscriptions/8d74bfbe-15e1-43d1-8272-423e37441789/resourceGroups/Hoylake/providers/Microsoft.Network/publicIPAddresses/hoylakevmip351,,,westeurope,,hoylakevmip351,,,Hoylake,,,,Basic,,,Shared_ PD5469_ PD6228,DEV/TEST,Yes,Microsoft.Network/publicIPAddresses,,,,,,,,,,,,
/subscriptions/8d74bfbe-15e1-43d1-8272-423e37441789/resourceGroups/Hoylake/providers/Microsoft.Network/publicIPAddresses/hoylakevmip713,,,westeurope,,hoylakevmip713,,,Hoylake,,,,Basic,,,Shared_ PD5469_ PD6228,DEV/TEST,Yes,Microsoft.Network/publicIPAddresses,,,,,,,,,,,,
/subscriptions/8d74bfbe-15e1-43d1-8272-423e37441789/resourceGroups/Hoylake/providers/Microsoft.Network/publicIPAddresses/JSDEVVMBackup-pip-239ec65be9e4429288e12075d823f74c,,,westeurope,,JSDEVVMBackup-pip-239ec65be9e4429288e12075d823f74c,,,Hoylake,,,,Basic,,Regional,,,,Microsoft.Network/publicIPAddresses,,,,,,,,,,,,
/subscriptions/8d74bfbe-15e1-43d1-8272-423e37441789/resourceGroups/Hoylake/providers/Microsoft.Network/publicIPAddresses/jshoylakedev1-ip,,,westeurope,,jshoylakedev1-ip,,,Hoylake,,,,Basic,,,Shared_ PD5469_ PD6228,DEV/TEST,Yes,Microsoft.Network/publicIPAddresses,,,,,,,,,,,,
/subscriptions/8d74bfbe-15e1-43d1-8272-423e37441789/resourceGroups/Hoylake/providers/Microsoft.Network/publicIPAddresses/jshoylakedev2-ip,,,westeurope,,jshoylakedev2-ip,,,Hoylake,,,,Basic,,,Shared_ PD5469_ PD6228,DEV/TEST,Yes,Microsoft.Network/publicIPAddresses,,,,,,,,,,,,
/subscriptions/8d74bfbe-15e1-43d1-8272-423e37441789/resourceGroups/Hoylake/providers/Microsoft.Network/publicIPAddresses/jshoylakedevVM1-ip,,,westeurope,,jshoylakedevVM1-ip,,,Hoylake,,,,Basic,,,Shared_ PD5469_ PD6228,DEV/TEST,Yes,Microsoft.Network/publicIPAddresses,,,,,,,,,,,,
/subscriptions/8d74bfbe-15e1-43d1-8272-423e37441789/resourceGroups/Hoylake/providers/Microsoft.Network/publicIPAddresses/jshoylakedevVM2-ip,,,westeurope,,jshoylakedevVM2-ip,,,Hoylake,,,,Basic,,,Shared_ PD5469_ PD6228,DEV/TEST,Yes,Microsoft.Network/publicIPAddresses,,,,,,,,,,,,
/subscriptions/8d74bfbe-15e1-43d1-8272-423e37441789/resourceGroups/Hoylake/providers/Microsoft.Network/publicIPAddresses/jshoylakedevVM3-ip,,,westeurope,,jshoylakedevVM3-ip,,,Hoylake,,,,Basic,,,Shared_ PD5469_ PD6228,DEV/TEST,Yes,Microsoft.Network/publicIPAddresses,,,,,,,,,,,,
/subscriptions/8d74bfbe-15e1-43d1-8272-423e37441789/resourceGroups/Hoylake/providers/Microsoft.Network/publicIPAddresses/JSWholeSaleHgVM-ip,,,westeurope,,JSWholeSaleHgVM-ip,,,Hoylake,,,,Basic,,Regional,,,,Microsoft.Network/publicIPAddresses,,,,,,,,,,,,
/subscriptions/8d74bfbe-15e1-43d1-8272-423e37441789/resourceGroups/Hoylake/providers/Microsoft.Network/publicIPAddresses/TestVM-ip,,,westeurope,,TestVM-ip,,,Hoylake,,,,Basic,,,Shared_ PD5469_ PD6228,DEV/TEST,Yes,Microsoft.Network/publicIPAddresses,,,,,,,,,,,,
/subscriptions/8d74bfbe-15e1-43d1-8272-423e37441789/resourceGroups/Hoylake/providers/Microsoft.Network/publicIPAddresses/WholesalehgVM2-ip,,,westeurope,,WholesalehgVM2-ip,,,Hoylake,,,,Basic,,Regional,,,,Microsoft.Network/publicIPAddresses,,,,,,,,,,,,
/subscriptions/8d74bfbe-15e1-43d1-8272-423e37441789/resourceGroups/Hoylake/providers/Microsoft.Network/virtualNetworks/Hoylake-vnet,,,westeurope,,Hoylake-vnet,,,Hoylake,,,,,,,Shared_ PD5469_ PD6228,DEV/TEST,Yes,Microsoft.Network/virtualNetworks,,,,,,,,,,,,
/subscriptions/8d74bfbe-15e1-43d1-8272-423e37441789/resourceGroups/Hoylake/providers/Microsoft.OperationalInsights/workspaces/HoylakeOMS,,,westeurope,,HoylakeOMS,,,Hoylake,,,,,,,,,,Microsoft.OperationalInsights/workspaces,,,,,,,,,,,,
/subscriptions/8d74bfbe-15e1-43d1-8272-423e37441789/resourceGroups/Hoylake/providers/Microsoft.RecoveryServices/vaults/JSHoylakeBackUp,,,westeurope,,JSHoylakeBackUp,,,Hoylake,,,,RS0,,Standard,Shared_ PD5469_ PD6228,DEV/TEST,Yes,Microsoft.RecoveryServices/vaults,,,,,,,,,,,,
/subscriptions/8d74bfbe-15e1-43d1-8272-423e37441789/resourceGroups/Hoylake/providers/Microsoft.Relay/namespaces/jshoylakeSBqueue,,Relay,westeurope,,jshoylakeSBqueue,,,Hoylake,1,,,Standard,,Standard,Shared_ PD5469_ PD6228,DEV/TEST,Yes,Microsoft.Relay/namespaces,,,,,,,,,,,,
/subscriptions/8d74bfbe-15e1-43d1-8272-423e37441789/resourceGroups/Hoylake/providers/Microsoft.Scheduler/jobcollections/JsHolakeWholeSchedular,,,westeurope,,JsHolakeWholeSchedular,,,Hoylake,,,,,,,Shared_ PD5469_ PD6228,DEV/TEST,Yes,Microsoft.Scheduler/jobcollections,,,,,,,,,,,,
/subscriptions/8d74bfbe-15e1-43d1-8272-423e37441789/resourceGroups/Hoylake/providers/Microsoft.ServiceBus/namespaces/HoylakeTestServiceBus,,Messaging,westeurope,,HoylakeTestServiceBus,,,Hoylake,1,,,Standard,,Standard,Shared_ PD5469_ PD6228,DEV/TEST,Yes,Microsoft.ServiceBus/namespaces,,,,,,,,,,,,
/subscriptions/8d74bfbe-15e1-43d1-8272-423e37441789/resourceGroups/Hoylake/providers/Microsoft.ServiceBus/namespaces/jshoylakedev,,Messaging,westeurope,,jshoylakedev,,,Hoylake,1,,,Basic,,Basic,Shared_ PD5469_ PD6228,DEV/TEST,Yes,Microsoft.ServiceBus/namespaces,,,,,,,,,,,,
/subscriptions/8d74bfbe-15e1-43d1-8272-423e37441789/resourceGroups/Hoylake/providers/Microsoft.Sql/servers/jsadfpoctest,,v12.0,westeurope,,jsadfpoctest,,,Hoylake,,,,,,,Shared_ PD5469_ PD6228,DEV/TEST,Yes,Microsoft.Sql/servers,,,,,,,,,,,,
/subscriptions/8d74bfbe-15e1-43d1-8272-423e37441789/resourceGroups/Hoylake/providers/Microsoft.Sql/servers/jshoylakedev,,v12.0,westeurope,,jshoylakedev,,,Hoylake,,,,,,,Shared_ PD5469_ PD6228,DEV/TEST,Yes,Microsoft.Sql/servers,,,,,,,,,,,,
/subscriptions/8d74bfbe-15e1-43d1-8272-423e37441789/resourceGroups/Hoylake/providers/Microsoft.Sql/servers/jshoylakedev/databases/BI_Reporting_Dev,,"v12.0,user",westeurope,,jshoylakedev/BI_Reporting_Dev,,,Hoylake,,,,,,,Shared_ PD5469_ PD6228,DEV/TEST,Yes,Microsoft.Sql/servers/databases,,,,,,,,,,,,
/subscriptions/8d74bfbe-15e1-43d1-8272-423e37441789/resourceGroups/Hoylake/providers/Microsoft.Sql/servers/jshoylakedev/databases/JSHoylakeDev,,"v12.0,user",westeurope,,jshoylakedev/JSHoylakeDev,,,Hoylake,,,,,,,Shared_ PD5469_ PD6228,DEV/TEST,Yes,Microsoft.Sql/servers/databases,,,,,,,,,,,,
/subscriptions/8d74bfbe-15e1-43d1-8272-423e37441789/resourceGroups/Hoylake/providers/Microsoft.Sql/servers/jshoylakedev/databases/JSHoylakeDev_2018-03-01T11-45Z,,"v12.0,user",westeurope,,jshoylakedev/JSHoylakeDev_2018-03-01T11-45Z,,,Hoylake,,,,,,,Shared_ PD5469_ PD6228,DEV/TEST,Yes,Microsoft.Sql/servers/databases,,,,,,,,,,,,
/subscriptions/8d74bfbe-15e1-43d1-8272-423e37441789/resourceGroups/Hoylake/providers/Microsoft.Sql/servers/jshoylakedev/databases/JSHoylakeDev_UserTestBackup,,"v12.0,user",westeurope,,jshoylakedev/JSHoylakeDev_UserTestBackup,,,Hoylake,,,,,,,,,,Microsoft.Sql/servers/databases,,,,,,,,,,,,
/subscriptions/8d74bfbe-15e1-43d1-8272-423e37441789/resourceGroups/Hoylake/providers/Microsoft.Sql/servers/jshoylakedev/databases/JSHoylakeDevD2,,"v12.0,user",westeurope,,jshoylakedev/JSHoylakeDevD2,,,Hoylake,,,,,,,Shared_ PD5469_ PD6228,DEV/TEST,Yes,Microsoft.Sql/servers/databases,,,,,,,,,,,,
/subscriptions/8d74bfbe-15e1-43d1-8272-423e37441789/resourceGroups/Hoylake/providers/Microsoft.Sql/servers/jshoylakedev/databases/JSHoylakeProdCopy,,"v12.0,user",westeurope,,jshoylakedev/JSHoylakeProdCopy,,,Hoylake,,,,,,,Shared_ PD5469_ PD6228,DEV/TEST,Yes,Microsoft.Sql/servers/databases,,,,,,,,,,,,
/subscriptions/8d74bfbe-15e1-43d1-8272-423e37441789/resourceGroups/Hoylake/providers/Microsoft.Sql/servers/jshoylakedev/databases/JSHoylakeProdCopy_19Dec,,"v12.0,user",westeurope,,jshoylakedev/JSHoylakeProdCopy_19Dec,,,Hoylake,,,,,,,Shared_ PD5469_ PD6228,DEV/TEST,Yes,Microsoft.Sql/servers/databases,,,,,,,,,,,,
/subscriptions/8d74bfbe-15e1-43d1-8272-423e37441789/resourceGroups/Hoylake/providers/Microsoft.Sql/servers/jshoylakedev/databases/JSHoylakeProdCopy_D3,,"v12.0,user",westeurope,,jshoylakedev/JSHoylakeProdCopy_D3,,,Hoylake,,,,,,,Shared_ PD5469_ PD6228,DEV/TEST,Yes,Microsoft.Sql/servers/databases,,,,,,,,,,,,
/subscriptions/8d74bfbe-15e1-43d1-8272-423e37441789/resourceGroups/Hoylake/providers/Microsoft.Sql/servers/jshoylakedev/databases/JShoylakeWholesale_19Mar,,"v12.0,user",westeurope,,jshoylakedev/JShoylakeWholesale_19Mar,,,Hoylake,,,,,,,Shared_ PD5469_ PD6228,DEV/TEST,Yes,Microsoft.Sql/servers/databases,,,,,,,,,,,,
/subscriptions/8d74bfbe-15e1-43d1-8272-423e37441789/resourceGroups/Hoylake/providers/Microsoft.Sql/servers/jshoylakedev/databases/JShoylakeWholesale_Copy,,"v12.0,user",westeurope,,jshoylakedev/JShoylakeWholesale_Copy,,,Hoylake,,,,,,,Shared_ PD5469_ PD6228,DEV/TEST,Yes,Microsoft.Sql/servers/databases,,,,,,,,,,,,
/subscriptions/8d74bfbe-15e1-43d1-8272-423e37441789/resourceGroups/Hoylake/providers/Microsoft.Sql/servers/jshoylakedev/databases/JShoylakeWholesale_Dev_R3,,"v12.0,user",westeurope,,jshoylakedev/JShoylakeWholesale_Dev_R3,,,Hoylake,50,,,Standard,,Standard,,,,Microsoft.Sql/servers/databases,,,,,,,,,,,,
/subscriptions/8d74bfbe-15e1-43d1-8272-423e37441789/resourceGroups/Hoylake/providers/Microsoft.Sql/servers/jshoylakedev/databases/JSWholesale,,"v12.0,user",westeurope,,jshoylakedev/JSWholesale,,,Hoylake,,,,,,,Shared_ PD5469_ PD6228,DEV/TEST,Yes,Microsoft.Sql/servers/databases,,,,,,,,,,,,
/subscriptions/8d74bfbe-15e1-43d1-8272-423e37441789/resourceGroups/Hoylake/providers/Microsoft.Sql/servers/jshoylakedev/databases/JSWholesaleLogs,,"v12.0,user",westeurope,,jshoylakedev/JSWholesaleLogs,,,Hoylake,,,,,,,Shared_ PD5469_ PD6228,DEV/TEST,Yes,Microsoft.Sql/servers/databases,,,,,,,,,,,,
/subscriptions/8d74bfbe-15e1-43d1-8272-423e37441789/resourceGroups/Hoylake/providers/Microsoft.Sql/servers/jshoylakedev/databases/LogEvents,,"v12.0,user",westeurope,,jshoylakedev/LogEvents,,,Hoylake,,,,,,,Shared_ PD5469_ PD6228,DEV/TEST,Yes,Microsoft.Sql/servers/databases,,,,,,,,,,,,
/subscriptions/8d74bfbe-15e1-43d1-8272-423e37441789/resourceGroups/Hoylake/providers/Microsoft.Sql/servers/jshoylakedev/databases/PlanIt,,"v12.0,user",westeurope,,jshoylakedev/PlanIt,,,Hoylake,,,,,,,,,,Microsoft.Sql/servers/databases,,,,,,,,,,,,
/subscriptions/8d74bfbe-15e1-43d1-8272-423e37441789/resourceGroups/Hoylake/providers/Microsoft.Sql/servers/jshoylakedev/databases/TestDB1,,"v12.0,user",westeurope,,jshoylakedev/TestDB1,,,Hoylake,,,,,,,Shared_ PD5469_ PD6228,DEV/TEST,Yes,Microsoft.Sql/servers/databases,,,,,,,,,,,,
/subscriptions/8d74bfbe-15e1-43d1-8272-423e37441789/resourceGroups/Hoylake/providers/Microsoft.Sql/servers/jshoylaketest,,v12.0,westeurope,,jshoylaketest,,,Hoylake,,,,,,,Shared_ PD5469_ PD6228,DEV/TEST,Yes,Microsoft.Sql/servers,,,,,,,,,,,,
/subscriptions/8d74bfbe-15e1-43d1-8272-423e37441789/resourceGroups/Hoylake/providers/Microsoft.Sql/servers/jshoylaketest/databases/JSHoylakeProdCopy_BIReport,,"v12.0,user",westeurope,,jshoylaketest/JSHoylakeProdCopy_BIReport,,,Hoylake,,,,,,,Shared_ PD5469_ PD6228,DEV/TEST,Yes,Microsoft.Sql/servers/databases,,,,,,,,,,,,
/subscriptions/8d74bfbe-15e1-43d1-8272-423e37441789/resourceGroups/Hoylake/providers/Microsoft.Sql/servers/jshoylaketest/databases/JSHoylakeProdCopySIT_19Dec,,"v12.0,user",westeurope,,jshoylaketest/JSHoylakeProdCopySIT_19Dec,,,Hoylake,,,,,,,Shared_ PD5469_ PD6228,DEV/TEST,Yes,Microsoft.Sql/servers/databases,,,,,,,,,,,,
/subscriptions/8d74bfbe-15e1-43d1-8272-423e37441789/resourceGroups/Hoylake/providers/Microsoft.Sql/servers/jshoylaketest/databases/JSHoylakeTest,,"v12.0,user",westeurope,,jshoylaketest/JSHoylakeTest,,,Hoylake,,,,,,,Shared_ PD5469_ PD6228,DEV/TEST,Yes,Microsoft.Sql/servers/databases,,,,,,,,,,,,
/subscriptions/8d74bfbe-15e1-43d1-8272-423e37441789/resourceGroups/Hoylake/providers/Microsoft.Sql/servers/jshoylaketest/databases/JSHoylakeTestD2,,"v12.0,user",westeurope,,jshoylaketest/JSHoylakeTestD2,,,Hoylake,,,,,,,Shared_ PD5469_ PD6228,DEV/TEST,Yes,Microsoft.Sql/servers/databases,,,,,,,,,,,,
/subscriptions/8d74bfbe-15e1-43d1-8272-423e37441789/resourceGroups/Hoylake/providers/Microsoft.Sql/servers/jshoylaketest/databases/JShoylakeWholesale,,"v12.0,user",westeurope,,jshoylaketest/JShoylakeWholesale,,,Hoylake,,,,,,,Shared_ PD5469_ PD6228,DEV/TEST,Yes,Microsoft.Sql/servers/databases,,,,,,,,,,,,
/subscriptions/8d74bfbe-15e1-43d1-8272-423e37441789/resourceGroups/Hoylake/providers/Microsoft.Sql/servers/jshoylaketest/databases/JSHoylakeWholeSaleBackUp,,"v12.0,user",westeurope,,jshoylaketest/JSHoylakeWholeSaleBackUp,,,Hoylake,,,,,,,Shared_ PD5469_ PD6228,DEV/TEST,Yes,Microsoft.Sql/servers/databases,,,,,,,,,,,,
/subscriptions/8d74bfbe-15e1-43d1-8272-423e37441789/resourceGroups/Hoylake/providers/Microsoft.Sql/servers/jshoylaketest/databases/JShoylakeWholesaleTest,,"v12.0,user",westeurope,,jshoylaketest/JShoylakeWholesaleTest,,,Hoylake,,,,,,,Shared_ PD5469_ PD6228,DEV/TEST,Yes,Microsoft.Sql/servers/databases,,,,,,,,,,,,
/subscriptions/8d74bfbe-15e1-43d1-8272-423e37441789/resourceGroups/Hoylake/providers/Microsoft.Sql/servers/jshoylaketest/databases/JSWholesaleLogs,,"v12.0,user",westeurope,,jshoylaketest/JSWholesaleLogs,,,Hoylake,,,,,,,Shared_ PD5469_ PD6228,DEV/TEST,Yes,Microsoft.Sql/servers/databases,,,,,,,,,,,,
/subscriptions/8d74bfbe-15e1-43d1-8272-423e37441789/resourceGroups/Hoylake/providers/Microsoft.Storage/storageAccounts/hoylakediag696,,Storage,westeurope,,hoylakediag696,,,Hoylake,,,,Standard_LRS,,Standard,,,,Microsoft.Storage/storageAccounts,,,,,,,,,,,,
/subscriptions/8d74bfbe-15e1-43d1-8272-423e37441789/resourceGroups/Hoylake/providers/Microsoft.Storage/storageAccounts/hoylakediag738,,Storage,westeurope,,hoylakediag738,,,Hoylake,,,,Standard_LRS,,Standard,Shared_ PD5469_ PD6228,DEV/TEST,Yes,Microsoft.Storage/storageAccounts,,,,,,,,,,,,
/subscriptions/8d74bfbe-15e1-43d1-8272-423e37441789/resourceGroups/Hoylake/providers/Microsoft.Storage/storageAccounts/hoylakediag754,,Storage,westeurope,,hoylakediag754,,,Hoylake,,,,Standard_LRS,,Standard,,,,Microsoft.Storage/storageAccounts,,,,,,,,,,,,
/subscriptions/8d74bfbe-15e1-43d1-8272-423e37441789/resourceGroups/Hoylake/providers/Microsoft.Storage/storageAccounts/jshoylake,,Storage,westeurope,,jshoylake,,,Hoylake,,,,Standard_GRS,,Standard,Shared_ PD5469_ PD6228,DEV/TEST,Yes,Microsoft.Storage/storageAccounts,,,,,,,,,,,,
/subscriptions/8d74bfbe-15e1-43d1-8272-423e37441789/resourceGroups/Hoylake/providers/Microsoft.Storage/storageAccounts/jshoylakestorage,,Storage,westeurope,,jshoylakestorage,,,Hoylake,,,,Premium_LRS,,Premium,Shared_ PD5469_ PD6228,DEV/TEST,Yes,Microsoft.Storage/storageAccounts,,,,,,,,,,,,
/subscriptions/8d74bfbe-15e1-43d1-8272-423e37441789/resourceGroups/Hoylake/providers/Microsoft.Storage/storageAccounts/jshoylaketest,,Storage,westeurope,,jshoylaketest,,,Hoylake,,,,Standard_GRS,,Standard,Shared_ PD5469_ PD6228,DEV/TEST,Yes,Microsoft.Storage/storageAccounts,,,,,,,,,,,,
/subscriptions/8d74bfbe-15e1-43d1-8272-423e37441789/resourceGroups/Hoylake/providers/Microsoft.Storage/storageAccounts/jsstorageblobforpartners,,BlobStorage,westeurope,,jsstorageblobforpartners,,,Hoylake,,,,Standard_GRS,,Standard,Shared_ PD5469_ PD6228,DEV/TEST,Yes,Microsoft.Storage/storageAccounts,,,,,,,,,,,,
/subscriptions/8d74bfbe-15e1-43d1-8272-423e37441789/resourceGroups/Hoylake/providers/Microsoft.Web/certificates/JSTestCerti-Hoylake-WestEuropewebspace,,,westeurope,,JSTestCerti-Hoylake-WestEuropewebspace,,,Hoylake,,,,,,,Shared_ PD5469_ PD6228,DEV/TEST,Yes,Microsoft.Web/certificates,,,,,,,,,,,,
/subscriptions/8d74bfbe-15e1-43d1-8272-423e37441789/resourceGroups/Hoylake/providers/Microsoft.Web/connections/gmail,,,westeurope,,gmail,,,Hoylake,,,,,,,Shared_ PD5469_ PD6228,DEV/TEST,Yes,Microsoft.Web/connections,,,,,,,,,,,,
/subscriptions/8d74bfbe-15e1-43d1-8272-423e37441789/resourceGroups/Hoylake/providers/Microsoft.Web/connections/office365,,,westeurope,,office365,,,Hoylake,,,,,,,Shared_ PD5469_ PD6228,DEV/TEST,Yes,Microsoft.Web/connections,,,,,,,,,,,,
/subscriptions/8d74bfbe-15e1-43d1-8272-423e37441789/resourceGroups/Hoylake/providers/Microsoft.Web/connections/office365-1,,,westeurope,,office365-1,,,Hoylake,,,,,,,Shared_ PD5469_ PD6228,DEV/TEST,Yes,Microsoft.Web/connections,,,,,,,,,,,,
/subscriptions/8d74bfbe-15e1-43d1-8272-423e37441789/resourceGroups/Hoylake/providers/Microsoft.Web/connections/office365-2,,,westeurope,,office365-2,,,Hoylake,,,,,,,Shared_ PD5469_ PD6228,DEV/TEST,Yes,Microsoft.Web/connections,,,,,,,,,,,,
/subscriptions/8d74bfbe-15e1-43d1-8272-423e37441789/resourceGroups/Hoylake/providers/Microsoft.Web/connections/office365-3,,,westeurope,,office365-3,,,Hoylake,,,,,,,Shared_ PD5469_ PD6228,DEV/TEST,Yes,Microsoft.Web/connections,,,,,,,,,,,,
/subscriptions/8d74bfbe-15e1-43d1-8272-423e37441789/resourceGroups/Hoylake/providers/Microsoft.Web/connections/office365-4,,,westeurope,,office365-4,,,Hoylake,,,,,,,Shared_ PD5469_ PD6228,DEV/TEST,Yes,Microsoft.Web/connections,,,,,,,,,,,,
/subscriptions/8d74bfbe-15e1-43d1-8272-423e37441789/resourceGroups/Hoylake/providers/Microsoft.Web/connections/rss,,,westeurope,,rss,,,Hoylake,,,,,,,Shared_ PD5469_ PD6228,DEV/TEST,Yes,Microsoft.Web/connections,,,,,,,,,,,,
/subscriptions/8d74bfbe-15e1-43d1-8272-423e37441789/resourceGroups/Hoylake/providers/Microsoft.Web/connections/smtp,,,westeurope,,smtp,,,Hoylake,,,,,,,Shared_ PD5469_ PD6228,DEV/TEST,Yes,Microsoft.Web/connections,,,,,,,,,,,,
/subscriptions/8d74bfbe-15e1-43d1-8272-423e37441789/resourceGroups/Hoylake/providers/Microsoft.Web/connections/twitter,,,westeurope,,twitter,,,Hoylake,,,,,,,Shared_ PD5469_ PD6228,DEV/TEST,Yes,Microsoft.Web/connections,,,,,,,,,,,,
/subscriptions/8d74bfbe-15e1-43d1-8272-423e37441789/resourceGroups/Hoylake/providers/Microsoft.Web/serverFarms/HoylakeAppServicePlan,,app,westeurope,,HoylakeAppServicePlan,,,Hoylake,,,,,,,Shared_ PD5469_ PD6228,DEV/TEST,Yes,Microsoft.Web/serverFarms,,,,,,,,,,,,
/subscriptions/8d74bfbe-15e1-43d1-8272-423e37441789/resourceGroups/Hoylake/providers/Microsoft.Web/sites/Dev-JSPartnerInboundAPI,,api,westeurope,,Dev-JSPartnerInboundAPI,,,Hoylake,,,,,,,,,,Microsoft.Web/sites,,,,,,,,,,,,
/subscriptions/8d74bfbe-15e1-43d1-8272-423e37441789/resourceGroups/Hoylake/providers/Microsoft.Web/sites/Dev-JSPartnerOperationsAPI,,api,westeurope,,Dev-JSPartnerOperationsAPI,,,Hoylake,,,,,,,Shared_ PD5469_ PD6228,DEV/TEST,Yes,Microsoft.Web/sites,,,,,,,,,,,,
/subscriptions/8d74bfbe-15e1-43d1-8272-423e37441789/resourceGroups/Hoylake/providers/Microsoft.Web/sites/Dev-JSPartnerWebjob,,app,westeurope,,Dev-JSPartnerWebjob,,,Hoylake,,,,,,,Shared_ PD5469_ PD6228,DEV/TEST,Yes,Microsoft.Web/sites,,,,,,,,,,,,
/subscriptions/8d74bfbe-15e1-43d1-8272-423e37441789/resourceGroups/Hoylake/providers/Microsoft.Web/sites/jsdemoportal,,app,westeurope,,jsdemoportal,,,Hoylake,,,,,,,Shared_ PD5469_ PD6228,DEV/TEST,Yes,Microsoft.Web/sites,,,,,,,,,,,,
/subscriptions/8d74bfbe-15e1-43d1-8272-423e37441789/resourceGroups/Hoylake/providers/Microsoft.Web/sites/JSPortal-Test,,app,westeurope,,JSPortal-Test,,,Hoylake,,,,,,,Shared_ PD5469_ PD6228,DEV/TEST,Yes,Microsoft.Web/sites,,,,,,,,,,,,
/subscriptions/8d74bfbe-15e1-43d1-8272-423e37441789/resourceGroups/Hoylake/providers/Microsoft.Web/sites/Test-JSPartnerInboundAPI,,api,westeurope,,Test-JSPartnerInboundAPI,,,Hoylake,,,,,,,Shared_ PD5469_ PD6228,DEV/TEST,Yes,Microsoft.Web/sites,,,,,,,,,,,,
/subscriptions/8d74bfbe-15e1-43d1-8272-423e37441789/resourceGroups/Hoylake/providers/Microsoft.Web/sites/Test-JSPartnerOperationsAPI,,api,westeurope,,Test-JSPartnerOperationsAPI,,,Hoylake,,,,,,,Shared_ PD5469_ PD6228,DEV/TEST,Yes,Microsoft.Web/sites,,,,,,,,,,,,
/subscriptions/8d74bfbe-15e1-43d1-8272-423e37441789/resourceGroups/Hoylake/providers/Microsoft.Web/sites/Test-JSPartnerwebjob,,app,westeurope,,Test-JSPartnerwebjob,,,Hoylake,,,,,,,Shared_ PD5469_ PD6228,DEV/TEST,Yes,Microsoft.Web/sites,,,,,,,,,,,,
/subscriptions/8d74bfbe-15e1-43d1-8272-423e37441789/resourceGroups/Hoylake/providers/Sendgrid.Email/accounts/HoylakeDevSendGrid,,,westeurope,,HoylakeDevSendGrid,,,Hoylake,,,,,,,Shared_ PD5469_ PD6228,DEV/TEST,Yes,Sendgrid.Email/accounts,,,,,,,,,free,sendgrid_azure,,Sendgrid
/subscriptions/8d74bfbe-15e1-43d1-8272-423e37441789/resourceGroups/Hoylake/providers/Sendgrid.Email/accounts/HoylakeLowerEnvSendGrid,,,westeurope,,HoylakeLowerEnvSendGrid,,,Hoylake,,,,,,,Shared_ PD5469_ PD6228,DEV/TEST,Yes,Sendgrid.Email/accounts,,,,,,,,,free,sendgrid_azure,,Sendgrid
